{"cameraMode":{"drawMode":0,"name":"Shaded","section":"Shading Mode"},"sceneLighting":true,"audioPlay":false,"sceneViewState":{"m_AlwaysRefresh":false,"showFog":true,"showSkybox":true,"showFlares":true,"showImageEffects":true,"showParticleSystems":true,"showVisualEffectGraphs":true,"m_FxEnabled":true},"in2DMode":false,"pivot":{"x":-2.1170554161071779,"y":0.6721055507659912,"z":3.3276541233062746},"rotation":{"x":0.14044758677482606,"y":-0.29937291145324709,"z":0.04460242763161659,"w":0.9426888823509216},"size":2.0799248218536379,"orthographic":false}