{"cameraMode":{"drawMode":0,"name":"Shaded","section":"Shading Mode"},"sceneLighting":true,"audioPlay":false,"sceneViewState":{"m_AlwaysRefresh":false,"showFog":true,"showSkybox":true,"showFlares":true,"showImageEffects":true,"showParticleSystems":true,"showVisualEffectGraphs":true,"m_FxEnabled":true},"in2DMode":false,"pivot":{"x":-0.7157517671585083,"y":1.2055251598358155,"z":0.3661561906337738},"rotation":{"x":0.19509701430797578,"y":-0.42463621497154238,"z":0.094247967004776,"w":0.8790683150291443},"size":0.4956587553024292,"orthographic":false}